{"Monu": 1773735328.2991936, "ranveer": 1773735363.5573258, "Marmik": 1773735367.0376053, "Billie Eilish": 1773735379.5191581}