{"255-69": 1773916631.0678616, "270-72": 1773916631.4089518, "253-65": 1773916631.6848578, "266-69": 1773916631.9443765, "257-68": 1773916632.1947167, "252-63": 1773916632.4426782, "247-66": 1773916632.6726449, "249-67": 1773916632.8967912, "259-73": 1773916633.1341257, "250-66": 1773916633.3931043, "247-67": 1773916633.6397796, "244-65": 1773916633.8664412, "243-60": 1773916634.1210487, "242-58": 1773916634.3625352}